{"cameraMode":{"drawMode":0,"name":"Shaded","section":"Shading Mode"},"sceneLighting":true,"audioPlay":false,"sceneViewState":{"m_AlwaysRefresh":false,"showFog":true,"showSkybox":true,"showFlares":true,"showImageEffects":true,"showParticleSystems":true,"showVisualEffectGraphs":true,"m_FxEnabled":true},"in2DMode":false,"pivot":{"x":-0.8551055788993836,"y":0.1464594304561615,"z":-3.362187623977661},"rotation":{"x":0.038535553961992267,"y":0.9377815127372742,"z":-0.11019594222307205,"w":0.32724666595458987},"size":7.69873571395874,"orthographic":false}